<?xml version="1.0" encoding="UTF-8"?>
<project-private xmlns="http://www.netbeans.org/ns/project-private/1">
    <editor-bookmarks xmlns="http://www.netbeans.org/ns/editor-bookmarks/2" lastBookmarkId="0"/>
    <open-files xmlns="http://www.netbeans.org/ns/projectui-open-files/2">
        <group>
            <file>file:/C:/Users/Yuniel/Documents/NetBeansProjects/Turismo_pequena1.1/src/vista/Vista.java</file>
            <file>file:/C:/Users/Yuniel/Documents/NetBeansProjects/Turismo_pequena1.1/src/modelo/AutobusDAO.java</file>
            <file>file:/C:/Users/Yuniel/Documents/NetBeansProjects/Turismo_pequena1.1/src/modelo/Autobus.java</file>
            <file>file:/C:/Users/Yuniel/Documents/NetBeansProjects/Turismo_pequena1.1/src/controlador/Controlador.java</file>
            <file>file:/C:/Users/Yuniel/Documents/NetBeansProjects/Turismo_pequena1.1/src/modelo/Conexion.java</file>
        </group>
    </open-files>
</project-private>
