<?xml version="1.0" encoding="UTF-8"?>
<project-private xmlns="http://www.netbeans.org/ns/project-private/1">
    <editor-bookmarks xmlns="http://www.netbeans.org/ns/editor-bookmarks/2" lastBookmarkId="0"/>
    <open-files xmlns="http://www.netbeans.org/ns/projectui-open-files/2">
        <group>
            <file>file:/C:/Users/Yuniel/Documents/NetBeansProjects/Turismo_pequena2.0/src/vista/VistaBitacora.java</file>
            <file>file:/C:/Users/Yuniel/Documents/NetBeansProjects/Turismo_pequena2.0/src/modelo/BitacoraDAO.java</file>
            <file>file:/C:/Users/Yuniel/Documents/NetBeansProjects/Turismo_pequena2.0/src/controlador/Controloador_Bitacora.java</file>
            <file>file:/C:/Users/Yuniel/Documents/NetBeansProjects/Turismo_pequena2.0/src/modelo/Conexion.java</file>
        </group>
    </open-files>
</project-private>
